{
  "project_info": {
    "project_number": "1050001283187",
    "project_id": "purehero-firebase-app00",
    "storage_bucket": "purehero-firebase-app00.appspot.com"
  },
  "client": [
    {
      "client_info": {
        "mobilesdk_app_id": "1:1050001283187:android:3b6e40424385e59428f206",
        "android_client_info": {
          "package_name": "com.purehero.app00"
        }
      },
      "oauth_client": [],
      "api_key": [
        {
          "current_key": "AIzaSyBVfApSPbyR66xPAQjDGPp-orLcm_To_Gw"
        }
      ],
      "services": {
        "appinvite_service": {
          "other_platform_oauth_client": []
        }
      }
    }
  ],
  "configuration_version": "1"
}